商品id,商品名称,封面图片连接,封面大图片连接,连接地址,市场价,普通价,封面价,销售额,已拼件数,商品名称,上货时间（应该是吧，图片链接中提取的）,数据更新时间
41100731267,初秋连帽拼接卫衣女2019新款韩版学生宽松薄款bf假两件外套ins潮,http://t00img.yangkeduo.com/goods/images/2019-09-02/c5771051c4a4f969930da66689971eda.jpeg,https://t00img.yangkeduo.com/goods/images/2019-09-02/d636c577-ac37-408a-8611-b11d78f9bcc0.jpg,goods.html?goods_id=41100731267,3590,3490,2980,21,已拼21件,初秋连帽拼接卫衣女2019新款韩版学生宽松薄款bf假两件外套ins潮,2019-09-02,2019-09-17 20:41:57.691565
37641208292,初秋卫衣女装2019年新款时尚宽松韩版外套学生上衣ins潮春秋薄款,http://t00img.yangkeduo.com/goods/images/2019-09-13/302b01d413748a456a83c0488fce7609.jpeg,https://t00img.yangkeduo.com/goods/images/2019-09-13/3b74319e-9349-4d2f-af4e-cedbb375a2d6.jpg,goods.html?goods_id=37641208292,13800,4299,3999,10,已拼10件,初秋卫衣女装2019年新款时尚宽松韩版外套学生上衣ins潮春秋薄款,2019-09-13,2019-09-17 20:41:57.691565
36744820169,2019流行工装女韩版秋季新款小个子风衣女学生初秋薄款外套女装潮,http://t00img.yangkeduo.com/goods/images/2019-08-21/27764c04bbd8430fa7fbd1e305704729.jpeg,http://t00img.yangkeduo.com/openapi/images/2019-03-25/a02dc592983454c2d28fdbd4dda7af20.jpeg,goods.html?goods_id=36744820169,12800,8900,7580,187,已拼187件,2019流行工装女韩版秋季新款小个子风衣女学生初秋薄款外套女装潮,2019-08-21,2019-09-17 20:41:57.691565
36518495298,含棉2019新款初秋连帽宽松卫衣女外套韩版休闲春秋季上衣学生卫衣,http://t00img.yangkeduo.com/goods/images/2019-08-20/78a51bbe53151aadaeacb999f9855aa8.jpeg,https://t00img.yangkeduo.com/goods/images/2019-08-20/97228059-e652-4c61-ba33-3e1f201b6dc4.jpg,goods.html?goods_id=36518495298,16800,6990,2780,8446,已拼8446件,含棉2019新款初秋连帽宽松卫衣女外套韩版休闲春秋季上衣学生卫衣,2019-08-20,2019-09-17 20:41:57.691565
29995159496,新款宽松修身立领时尚三件套,http://t00img.yangkeduo.com/openapi/images/2019-08-04/f1837a4b5055da2d37b030db7e75f906.jpg,http://t00img.yangkeduo.com/openapi/images/2019-08-04/f1837a4b5055da2d37b030db7e75f906.jpg,goods.html?goods_id=29995159496&gallery_id=182075559122,25800,10990,9990,1911,已拼1911件,新款宽松修身立领时尚三件套,2019-08-04,2019-09-17 20:41:57.691565
33762742505,卫衣女宽松韩版春秋薄款连帽上衣长袖ins潮学生外套2019新款初秋,http://t00img.yangkeduo.com/goods/images/2019-08-12/51b66f052584366418c84b590130055e.jpeg,https://t00img.yangkeduo.com/goods/images/2019-08-12/f10c57bb-843a-4fe9-b479-137bc7996cad.jpg,goods.html?goods_id=33762742505,7488,2580,2480,570,已拼570件,卫衣女宽松韩版春秋薄款连帽上衣长袖ins潮学生外套2019新款初秋,2019-08-12,2019-09-17 20:41:57.691565
41637265481,卫衣女2019初秋新款韩版学生宽松薄款bf慵懒风连帽拼接外套ins潮,http://t00img.yangkeduo.com/goods/images/2019-09-04/1e292f2d85a141dcaff922de9c869d51.jpeg,https://t00img.yangkeduo.com/goods/images/2019-09-04/103f0d16-b2af-4d29-ba4e-a6c283c98c47.jpg,goods.html?goods_id=41637265481,3790,3690,3380,72,已拼72件,卫衣女2019初秋新款韩版学生宽松薄款bf慵懒风连帽拼接外套ins潮,2019-09-04,2019-09-17 20:41:57.691565
40805623368,灯芯绒衬衫外套女学生2019秋季新款韩版宽松上衣初秋学院风衬衣潮,http://t00img.yangkeduo.com/goods/images/2019-09-06/87203a28721ba915d1ebae05ae69aae0.jpeg,https://t00img.yangkeduo.com/goods/images/2019-09-06/91bdf015-57dd-4825-9048-29c214043317.jpg,goods.html?goods_id=40805623368,13900,6600,5990,158,已拼158件,灯芯绒衬衫外套女学生2019秋季新款韩版宽松上衣初秋学院风衬衣潮,2019-09-06,2019-09-17 20:41:57.691565
26881584057,初秋女装新款2019港味宽松大码bf条纹衬衫女长袖chic上衣薄款外套,http://t00img.yangkeduo.com/goods/images/2019-07-25/c079050c271d25d55787c6a635cebdfe.jpeg,https://t00img.yangkeduo.com/goods/images/2018-10-08/ad1045f9742d9c05bf7aa0d0f7b1d33f.jpeg,goods.html?goods_id=26881584057,2790,2690,1990,6150,已拼6150件,初秋女装新款2019港味宽松大码bf条纹衬衫女长袖chic上衣薄款外套,2019-07-25,2019-09-17 20:41:57.691565
36995223893,含棉假两件初秋卫衣女2019年新款ins潮韩版宽松学生外套上衣薄款,http://t00img.yangkeduo.com/goods/images/2019-08-21/55b146d5e8583fe2d04f7bf490025f0c.jpeg,https://t00img.yangkeduo.com/goods/images/2019-08-21/971e46be-c979-4970-ab8a-05d42f004e7d.jpg,goods.html?goods_id=36995223893,16900,4990,3980,19,已拼19件,含棉假两件初秋卫衣女2019年新款ins潮韩版宽松学生外套上衣薄款,2019-08-21,2019-09-17 20:41:57.691565
5806203286,2019春季春秋100格蕾曼新款,https://t00img.yangkeduo.com/goods/images/2019-03-03/95082921-c82e-4be2-b297-9156122f40b6.jpg,https://t00img.yangkeduo.com/goods/images/2019-03-03/95082921-c82e-4be2-b297-9156122f40b6.jpg,goods.html?goods_id=5806203286&gallery_id=248021490,22800,10500,9990,22000,已拼2.2万件,2019春季春秋100格蕾曼新款,2019-03-03,2019-09-17 20:41:57.691565
41373451232,初秋工装外套女春秋季韩版2019新款宽松bf百搭学生ins潮上衣港风,http://t00img.yangkeduo.com/goods/images/2019-09-03/5fa998a26868acee0fc37f70b7baaa07.jpeg,https://t00img.yangkeduo.com/goods/images/2019-09-03/5888a719-3df5-4ad5-95b3-af31a73cdba2.jpg,goods.html?goods_id=41373451232,8900,5000,4900,17,已拼17件,初秋工装外套女春秋季韩版2019新款宽松bf百搭学生ins潮上衣港风,2019-09-03,2019-09-17 20:41:57.691565
43184491171,牛仔外套女2019新款春秋宽松韩版ins潮黑色bf学生初秋牛仔衣上衣【预售：9月20日发完】,http://t00img.yangkeduo.com/goods/images/2019-09-10/2a10572ce4aa99b81f8e0981ded872c5.jpeg,https://t00img.yangkeduo.com/goods/images/2019-09-10/6829e5b7-06f1-4bed-955d-e52e6a7b4556.jpg,goods.html?goods_id=43184491171,19900,6900,6780,74,已拼74件,牛仔外套女2019新款春秋宽松韩版ins潮黑色bf学生初秋牛仔衣上衣,2019-09-10,2019-09-17 20:41:57.691565
35940357378,开学季2019新款卫衣女薄款韩版宽松学生ins慵懒风初秋连帽外套潮,http://t00img.yangkeduo.com/goods/images/2019-08-18/f299670d2063e06e41c922a49d55dd99.jpeg,https://t00img.yangkeduo.com/goods/images/2019-08-18/da1e0bcd-ce5a-4e6a-851d-8cd7a9c78132.jpg,goods.html?goods_id=35940357378,3190,3090,2612,244,已拼244件,开学季2019新款卫衣女薄款韩版宽松学生ins慵懒风初秋连帽外套潮,2019-08-18,2019-09-17 20:41:57.691565
35762799412,2019秋季新款卫衣女长袖宽松韩版百搭学生初秋上衣薄款外套ins潮,http://t00img.yangkeduo.com/goods/images/2019-08-18/423683e2f7193251697dccf8e623680b.jpeg,http://t00img.yangkeduo.com/openapi/images/2019-08-18/2d45aa9237fdd897960a6bcf1ece2658.jpeg,goods.html?goods_id=35762799412,6900,4280,3990,199,已拼199件,2019秋季新款卫衣女长袖宽松韩版百搭学生初秋上衣薄款外套ins潮,2019-08-18,2019-09-17 20:41:57.691565
38229595894,工装外套女春秋季韩版宽松bf2019初秋新款ins潮百搭森系风衣学生,http://t00img.yangkeduo.com/goods/images/2019-08-25/2a53febdca2b959288e5708e6d8d78f4.jpeg,https://t00img.yangkeduo.com/goods/images/2019-08-25/e812b4ff-2ea0-426d-90bf-0a438698de26.jpg,goods.html?goods_id=38229595894,9300,5600,5500,25,已拼25件,工装外套女春秋季韩版宽松bf2019初秋新款ins潮百搭森系风衣学生,2019-08-25,2019-09-17 20:41:57.691565
29843966861,新款女装时尚三件套印花卫衣,http://t00img.yangkeduo.com/goods/images/2019-03-08/c0e6d9a7-5f68-4c3f-af9c-3a0d95e284fb.jpg,http://t00img.yangkeduo.com/goods/images/2019-03-08/c0e6d9a7-5f68-4c3f-af9c-3a0d95e284fb.jpg,goods.html?goods_id=29843966861&gallery_id=181857663024,7190,5990,5500,3535,已拼3535件,新款女装时尚三件套印花卫衣,2019-03-08,2019-09-17 20:41:57.691565
4552946561,chic早秋卫衣2019新款女长袖韩版宽松怪味少女初秋百搭原宿bf外套,http://t00img.yangkeduo.com/goods/images/2018-11-28/822de6ade400502cd81ad4dbca0e75f9.jpeg,http://t00img.yangkeduo.com/goods/images/2018-11-28/b25261943c3ff65ea47ca9c39e03d8ed.jpeg,goods.html?goods_id=4552946561,5900,2490,2380,2259,已拼2259件,chic早秋卫衣2019新款女长袖韩版宽松怪味少女初秋百搭原宿bf外套,2018-11-28,2019-09-17 20:41:57.691565
37684510020,初秋外套女2019秋季新款百搭短款卫衣女潮酷时尚学生休闲拉链上衣,http://t00img.yangkeduo.com/goods/images/2019-08-24/131678c5ea1f61163776d8ee42d6dc48.jpeg,http://t00img.yangkeduo.com/openapi/images/2019-08-23/5add278bfe2980629994443fbe1009cb.jpeg,goods.html?goods_id=37684510020,22700,8090,7191,24,已拼24件,初秋外套女2019秋季新款百搭短款卫衣女潮酷时尚学生休闲拉链上衣,2019-08-24,2019-09-17 20:41:57.691565
38650052607,初秋ins卫衣女2019新款韩版学生开学季宽松薄款bf开衫圆领外套潮,http://t00img.yangkeduo.com/goods/images/2019-08-26/4059194169ad0dbc7056c887dce7455b.jpeg,https://t00img.yangkeduo.com/goods/images/2019-08-26/cdcb0a67-ede6-461f-aee1-8f91c9e75df3.jpg,goods.html?goods_id=38650052607,3490,3390,2970,23,已拼23件,初秋ins卫衣女2019新款韩版学生开学季宽松薄款bf开衫圆领外套潮,2019-08-26,2019-09-17 20:41:57.691565
42819945286,女装2019新款潮初秋外套女百搭中学生拼接撞色宽松韩版初秋女上衣,http://t00img.yangkeduo.com/goods/images/2019-09-08/ebb746c1665624c36c0d680547a4f242.jpeg,https://t00img.yangkeduo.com/goods/images/2019-09-08/be44f3f5-c145-45eb-9b6b-6cd6b3ed2fb7.jpg,goods.html?goods_id=42819945286,11900,11800,8800,39,已拼39件,女装2019新款潮初秋外套女百搭中学生拼接撞色宽松韩版初秋女上衣,2019-09-08,2019-09-17 20:41:57.692564
42396905915,百搭外套韩版中长款宽松学生2019年秋季新款女装风衣初秋ins女士,http://t00img.yangkeduo.com/goods/images/2019-09-07/39e2bda9d9bf6c45daf6baf0f5c94569.jpeg,https://t00img.yangkeduo.com/goods/images/2019-09-07/6788bde7-56b6-4ae9-84d2-07a533c6b382.jpg,goods.html?goods_id=42396905915,16900,16800,15800,42,已拼42件,百搭外套韩版中长款宽松学生2019年秋季新款女装风衣初秋ins女士,2019-09-07,2019-09-17 20:41:57.692564
39985727084,初秋新款外套2019年短款牛仔外套女上衣学生百搭宽松春秋装ins潮,http://t00img.yangkeduo.com/goods/images/2019-08-29/d83ab40dada32e2b5956a0847e800777.jpeg,https://t00img.yangkeduo.com/goods/images/2019-08-29/87f6ba99-76a7-4b85-8564-192e79b7a958.jpeg,goods.html?goods_id=39985727084,23900,6990,5691,648,已拼648件,初秋新款外套2019年短款牛仔外套女上衣学生百搭宽松春秋装ins潮,2019-08-29,2019-09-17 20:41:57.692564
40492280179,初秋新款外套2019年短款牛仔外套女上衣学生百搭宽松春秋装ins潮,http://t00img.yangkeduo.com/goods/images/2019-08-31/e7e164f20a09ca9e4a35fa60efdee10f.jpeg,https://t00img.yangkeduo.com/goods/images/2019-08-31/bcc03316-cd02-422d-953a-1581fa55dad5.jpg,goods.html?goods_id=40492280179,12800,5980,5580,1035,已拼1035件,初秋新款外套2019年短款牛仔外套女上衣学生百搭宽松春秋装ins潮,2019-08-31,2019-09-17 20:41:57.692564
6393298826,【减20今日下单收藏】新款女装显瘦宽松秋装外套,https://t00img.yangkeduo.com/goods/images/2019-08-22/7992cd17-074b-498e-bbae-8dd27289c7e9.png,https://t00img.yangkeduo.com/goods/images/2019-08-22/7992cd17-074b-498e-bbae-8dd27289c7e9.png,goods.html?goods_id=6393298826&gallery_id=99358098988,39900,15900,8990,26000,已拼2.6万件,【减20今日下单收藏】新款女装显瘦宽松秋装外套,2019-08-22,2019-09-17 20:41:57.692564
37067200077,卫衣女春秋季薄款2019新款潮ins韩版学生宽松初秋超火cec长袖外套,http://t00img.yangkeduo.com/goods/images/2019-08-22/797c723f02e4c9c6e2ccfb70df2c16c7.jpeg,http://t00img.yangkeduo.com/openapi/images/2019-08-22/56d63fdeeb1488204e04ea51c6b4e4e3.jpeg,goods.html?goods_id=37067200077,9900,3090,2152,756,已拼756件,卫衣女春秋季薄款2019新款潮ins韩版学生宽松初秋超火cec长袖外套,2019-08-22,2019-09-17 20:41:57.692564
38449137472,早秋女装2019年新款潮韩版牛仔外套上衣开学季大学生百搭初秋ins,http://t00img.yangkeduo.com/goods/images/2019-08-26/25b88be6124025a19f6ecf2e5c08feb7.jpeg,http://t00img.yangkeduo.com/openapi/images/2019-08-26/3d429de22c614713a3a91b30d240f459.jpeg,goods.html?goods_id=38449137472,16800,4990,3290,29,已拼29件,早秋女装2019年新款潮韩版牛仔外套上衣开学季大学生百搭初秋ins,2019-08-26,2019-09-17 20:41:57.692564
36599311632,小香风初秋短外套女韩版宽松春秋季2019新款潮学生百搭棒球服夹克,http://t00img.yangkeduo.com/goods/images/2019-08-27/ae659804485745c1b4011344c06587f4.jpeg,http://t00img.yangkeduo.com/openapi/images/2019-08-20/a9e73ca79006df8cd57edfc7b259e9ba.jpeg,goods.html?goods_id=36599311632,10900,5560,4890,616,已拼616件,小香风初秋短外套女韩版宽松春秋季2019新款潮学生百搭棒球服夹克,2019-08-27,2019-09-17 20:41:57.692564
42588646749,卫衣女春秋季薄款2019新款潮ins韩版学生宽松初秋超火cec长袖外套,http://t00img.yangkeduo.com/goods/images/2019-09-07/8f15b86eba9d677848feeb6fd943d95b.jpeg,https://t00img.yangkeduo.com/goods/images/2019-09-07/2a989ec5-9f99-49c7-acd1-fb0669c5b085.jpg,goods.html?goods_id=42588646749,6800,2700,2080,138,已拼138件,卫衣女春秋季薄款2019新款潮ins韩版学生宽松初秋超火cec长袖外套,2019-09-07,2019-09-17 20:41:57.692564
35683858623,短款立领宽松卫衣女2019初秋新款女装秋季高腰上衣早秋露脐外套潮,http://t00img.yangkeduo.com/goods/images/2019-08-17/d411dd4b52968158d6d3ba4c72ac87e2.jpeg,https://t00img.yangkeduo.com/goods/images/2019-08-17/e09a2c15-824b-40c6-8896-c7f827e7cac7.jpg,goods.html?goods_id=35683858623,8999,3980,2580,2693,已拼2693件,短款立领宽松卫衣女2019初秋新款女装秋季高腰上衣早秋露脐外套潮,2019-08-17,2019-09-17 20:41:57.692564
5805650754,2019春季春秋100格蕾曼新款,http://t00img.yangkeduo.com/openapi/images/2019-02-11/db329e83de560c1a8a9469a5f077ed61.jpeg,http://t00img.yangkeduo.com/openapi/images/2019-02-11/db329e83de560c1a8a9469a5f077ed61.jpeg,goods.html?goods_id=5805650754&gallery_id=89388490335,24800,10500,9980,59000,已拼5.9万件,2019春季春秋100格蕾曼新款,2019-02-11,2019-09-17 20:41:57.692564
37007667527,初秋外套女2019新款春秋潮ins上衣少女韩版宽松工装学生百搭秋装,http://t00img.yangkeduo.com/goods/images/2019-08-28/96c06d6cbd005a7f7fd6a88e27337886.jpeg,https://t00img.yangkeduo.com/goods/images/2019-08-22/68d389d3-fe51-4179-b870-57fd758a5035.jpg,goods.html?goods_id=37007667527,15800,6900,4600,178,已拼178件,初秋外套女2019新款春秋潮ins上衣少女韩版宽松工装学生百搭秋装,2019-08-28,2019-09-17 20:41:57.692564
37409043536,2019初秋新款韩版宽松中长款长袖牛仔上衣ins潮开学季外套女学生,http://t00img.yangkeduo.com/goods/images/2019-08-23/27745e5a3ce0190a9f08f5010f809c17.jpeg,http://t00img.yangkeduo.com/openapi/images/2019-08-23/7c74f5337fac8b8810edf98518c53db5.jpg,goods.html?goods_id=37409043536,5498,4590,4190,53,已拼53件,2019初秋新款韩版宽松中长款长袖牛仔上衣ins潮开学季外套女学生,2019-08-23,2019-09-17 20:41:57.692564
36887671416,开学季cec卫衣女2019韩版女装ins潮学生宽松bf慵懒风薄款初秋外套,http://t00img.yangkeduo.com/goods/images/2019-08-21/a85604fb4bbe0572a01fe45d39afd87e.jpeg,https://t00img.yangkeduo.com/goods/images/2019-08-21/2462d7d3-f07f-49a9-b3f2-56cf3b8d519d.jpg,goods.html?goods_id=36887671416,2580,2480,1690,17000,已拼1.7万件,开学季cec卫衣女2019韩版女装ins潮学生宽松bf慵懒风薄款初秋外套,2019-08-21,2019-09-17 20:41:57.692564
22820668035,连帽卫衣女薄初秋2019新款韩版潮学生宽松外套闺蜜装渐变长袖上衣,http://t00img.yangkeduo.com/goods/images/2019-07-13/8219f0aed36103f11554811cee2e4259.jpeg,https://t00img.yangkeduo.com/goods/images/2019-07-09/f60d74d3-269d-49ba-83cc-c8f1ab9f3946.jpg,goods.html?goods_id=22820668035,6900,3380,2620,5302,已拼5302件,连帽卫衣女薄初秋2019新款韩版潮学生宽松外套闺蜜装渐变长袖上衣,2019-07-13,2019-09-17 20:41:57.692564
37535976832,初秋卫衣女2019新款韩版投币机宽松开学季学生薄款连帽外套ins潮,http://t00img.yangkeduo.com/goods/images/2019-08-23/b14e0bb4026a7f70225dd44665e57607.jpeg,https://t00img.yangkeduo.com/goods/images/2019-08-23/4c037eae-df70-4e0e-ac2c-ae222463f294.jpg,goods.html?goods_id=37535976832,3790,3690,2748,172,已拼172件,初秋卫衣女2019新款韩版投币机宽松开学季学生薄款连帽外套ins潮,2019-08-23,2019-09-17 20:41:57.692564
23581469080,【新品优惠15】新款女装秋装韩版长袖妈妈装,https://t00img.yangkeduo.com/goods/images/2019-09-04/92ba86b5-e436-4214-a478-cee58e5c966b.jpg,https://t00img.yangkeduo.com/goods/images/2019-09-04/92ba86b5-e436-4214-a478-cee58e5c966b.jpg,goods.html?goods_id=23581469080&gallery_id=1879679273,27900,27800,18600,729,已拼729件,【新品优惠15】新款女装秋装韩版长袖妈妈装,2019-09-04,2019-09-17 20:41:57.692564
38323795645,2019春秋新款卫衣女无帽韩版学生宽松初秋上衣薄款百搭外套ins潮,http://t00img.yangkeduo.com/goods/images/images/2019-08-25/49e71d8b1d09afea7a738ceddb1d4ec7.jpeg,https://t00img.yangkeduo.com/goods/images/2019-08-25/11ff3251-9edb-4f03-a888-ca06ab3b4a81.jpg,goods.html?goods_id=38323795645,1690,1390,1290,39,已拼39件,2019春秋新款卫衣女无帽韩版学生宽松初秋上衣薄款百搭外套ins潮,2019-08-25,2019-09-17 20:41:57.692564
39405554227,初秋新款连帽卫衣女2019韩版学生宽松薄款假两件慵懒风外套ins潮,http://t00img.yangkeduo.com/goods/images/2019-09-03/8175f78d9dcf44e5ce029efcaa0d7e24.jpeg,https://t00img.yangkeduo.com/goods/images/2019-08-28/24ca3cf9-ad89-4dcf-8a81-9bcf36a75770.jpg,goods.html?goods_id=39405554227,3890,3790,3480,64,已拼64件,初秋新款连帽卫衣女2019韩版学生宽松薄款假两件慵懒风外套ins潮,2019-09-03,2019-09-17 20:41:57.692564
30346203129,初秋外套女复古港味2019新款韩版宽松开衫长袖上衣学生连帽卫衣潮,http://t00img.yangkeduo.com/goods/images/2019-08-05/217b6c6eea00ebdb7103e2f5be9390ee.jpeg,https://t00img.yangkeduo.com/goods/images/2019-08-05/e7d47b5f-82c4-4cd3-990a-de61800803d6.jpg,goods.html?goods_id=30346203129,3880,3780,3132,7736,已拼7736件,初秋外套女复古港味2019新款韩版宽松开衫长袖上衣学生连帽卫衣潮,2019-08-05,2019-09-17 20:41:57.692564
40235397077,初秋cec外套女2019新款百搭学生港风宽松韩版春秋薄款卫衣女ins潮,http://t00img.yangkeduo.com/goods/images/2019-08-30/e635a4c8485048ed174f9674606b869a.jpeg,https://t00img.yangkeduo.com/goods/images/2019-08-30/31d3ddb8-377b-4c5b-8b3e-d7bcc21b7746.jpeg,goods.html?goods_id=40235397077,2300,2200,1990,11,已拼11件,初秋cec外套女2019新款百搭学生港风宽松韩版春秋薄款卫衣女ins潮,2019-08-30,2019-09-17 20:41:57.692564
39026019143,工装外套女春秋季新款韩版ins2019初秋百搭学生森系宽松棒球服潮,http://t00img.yangkeduo.com/goods/images/2019-08-27/ddabb8835eca3fa5b5a281ac99c30e68.jpeg,https://t00img.yangkeduo.com/goods/images/2019-08-27/b820b8a1-3e7d-400a-9494-a976264ab013.jpg,goods.html?goods_id=39026019143,16700,6600,5243,34,已拼34件,工装外套女春秋季新款韩版ins2019初秋百搭学生森系宽松棒球服潮,2019-08-27,2019-09-17 20:41:57.692564
27228618705,新款宽松卫衣时尚大码马甲,https://t00img.yangkeduo.com/goods/images/2019-08-02/2260a18d-21a4-42d3-adb3-a93252f24632.jpg,https://t00img.yangkeduo.com/goods/images/2019-08-02/2260a18d-21a4-42d3-adb3-a93252f24632.jpg,goods.html?goods_id=27228618705&gallery_id=1518009651,29800,10990,9990,1249,已拼1249件,新款宽松卫衣时尚大码马甲,2019-08-02,2019-09-17 20:41:57.692564
37338765853,初秋短外套女春秋季2019新款韩版宽松bf百搭学生休闲棒球服夹克潮,http://t00img.yangkeduo.com/goods/images/2019-08-24/ecfcd1974d962830624b0a6764a0f882.jpeg,http://t00img.yangkeduo.com/openapi/images/2019-08-22/9026def083b65141357e90ce00b2fa09.jpeg,goods.html?goods_id=37338765853,13500,5580,4890,10,已拼10件,初秋短外套女春秋季2019新款韩版宽松bf百搭学生休闲棒球服夹克潮,2019-08-24,2019-09-17 20:41:57.692564
38309610015,春秋季外套女短款上衣2019新款韩版初秋百搭学生夹克休闲棒球服潮,http://t00img.yangkeduo.com/goods/images/2019-08-25/b202180c05598533f0bf2ee18fadbc7c.jpeg,https://t00img.yangkeduo.com/goods/images/2019-08-25/5cee1668-73e0-4caf-b1e2-0952718a9175.jpg,goods.html?goods_id=38309610015,5990,5890,4680,48,已拼48件,春秋季外套女短款上衣2019新款韩版初秋百搭学生夹克休闲棒球服潮,2019-08-25,2019-09-17 20:41:57.692564
38718501919,工装外套女初秋2019春秋季新款韩版宽松学生bf风百搭棒球服ins潮,http://t00img.yangkeduo.com/goods/images/2019-08-26/75d98b9dae81b2cd5d1b37fc42a076ce.jpeg,https://t00img.yangkeduo.com/goods/images/2019-08-26/8ad62183-e63e-484f-8357-a56469b49680.jpg,goods.html?goods_id=38718501919,8000,7900,5990,114,已拼114件,工装外套女初秋2019春秋季新款韩版宽松学生bf风百搭棒球服ins潮,2019-08-26,2019-09-17 20:41:57.692564
42326516735,初秋冬卫衣女ins潮连帽宽松薄款2019新款学生原宿风韩版上衣外套,http://t00img.yangkeduo.com/goods/images/images/2019-09-06/7bfac76ab96e66fc191e2015a49dd0c9.jpeg,http://t00img.yangkeduo.com/openapi/images/images/2019-09-06/da9ea79b6ecfb8c1419f5078747b0342.jpg,goods.html?goods_id=42326516735,6800,4190,3990,12,已拼12件,初秋冬卫衣女ins潮连帽宽松薄款2019新款学生原宿风韩版上衣外套,2019-09-06,2019-09-17 20:41:57.692564
39439040031,开学季新款连帽卫衣女2019初秋韩版学生宽松薄款慵懒风外套ins潮,http://t00img.yangkeduo.com/goods/images/2019-09-03/ab4f9f2e0a5a180441c07ae61c9ac8f3.jpeg,https://t00img.yangkeduo.com/goods/images/images/2019-08-28/701edcc9-4852-4c20-b3c2-cbcacba8e9dd.jpg,goods.html?goods_id=39439040031,3490,3390,3080,11,已拼11件,开学季新款连帽卫衣女2019初秋韩版学生宽松薄款慵懒风外套ins潮,2019-09-03,2019-09-17 20:41:57.692564
6459475472,学生新款外套女装衬衣衬衫,https://t00img.yangkeduo.com/goods/images/2019-03-12/29266339-1edb-4c26-8f1d-4c4da1c970d7.jpg,https://t00img.yangkeduo.com/goods/images/2019-03-12/29266339-1edb-4c26-8f1d-4c4da1c970d7.jpg,goods.html?goods_id=6459475472&gallery_id=100427468147,9800,5100,4990,11000,已拼1.1万件,学生新款外套女装衬衣衬衫,2019-03-12,2019-09-17 20:41:57.692564
38248426294,工装外套女春秋季韩版宽松bf2019初秋新款ins潮百搭森系风衣学生,http://t00img.yangkeduo.com/goods/images/2019-08-25/f63db153019783fad2c3dc39298a07df.jpeg,https://t00img.yangkeduo.com/goods/images/2019-08-25/97d57bb7-3672-49bc-85ea-1b1eed0d9756.jpg,goods.html?goods_id=38248426294,16800,5600,5500,16,已拼16件,工装外套女春秋季韩版宽松bf2019初秋新款ins潮百搭森系风衣学生,2019-08-25,2019-09-17 20:41:57.692564
42041318445,流行初秋外套女中长款韩版2019春秋新款宽松休闲学生小个子风衣潮,http://t00img.yangkeduo.com/goods/images/2019-09-05/035d8bd86b823783e2fb3e4a73e96431.jpeg,https://t00img.yangkeduo.com/goods/images/2019-09-05/d1da627a-d245-4992-a5a2-3fbcc4f97dc2.jpg,goods.html?goods_id=42041318445,7000,6900,3950,44,已拼44件,流行初秋外套女中长款韩版2019春秋新款宽松休闲学生小个子风衣潮,2019-09-05,2019-09-17 20:41:57.692564
37253085404,卫衣2019新款女春秋薄款宽松韩版潮ins学生初秋外套慵懒风上衣,http://t00img.yangkeduo.com/goods/images/2019-09-08/d61cec25e7b544adf8bcc86db351086c.jpeg,https://t00img.yangkeduo.com/goods/images/2019-08-22/419d0ef6-45d6-44dd-9000-fab48a63b942.jpg,goods.html?goods_id=37253085404,36500,36400,7986,4,已拼4件,卫衣2019新款女春秋薄款宽松韩版潮ins学生初秋外套慵懒风上衣,2019-09-08,2019-09-17 20:41:57.692564
37213357748,开学季ins卫衣女2019新款韩版宽松学生薄款初秋cec圆领上衣外套潮,http://t00img.yangkeduo.com/goods/images/2019-08-22/8f8bf390b0fc1d8c363999779fe5c351.jpeg,https://t00img.yangkeduo.com/goods/images/2019-08-22/2005c72c-d02b-4b9a-86c8-d352aa462e1d.jpg,goods.html?goods_id=37213357748,3190,3090,2790,103,已拼103件,开学季ins卫衣女2019新款韩版宽松学生薄款初秋cec圆领上衣外套潮,2019-08-22,2019-09-17 20:41:57.692564
34799309389,连帽卫衣女薄初秋2019新款韩版潮学生宽松外套闺蜜装渐变长袖上衣,http://t00img.yangkeduo.com/goods/images/2019-08-15/dbcefb1235b25acf5203642311a2eee1.jpeg,https://t00img.yangkeduo.com/goods/images/2019-08-15/af096f40-c1ae-4810-8d32-1e5e705cae65.jpg,goods.html?goods_id=34799309389,9900,3580,2880,49,已拼49件,连帽卫衣女薄初秋2019新款韩版潮学生宽松外套闺蜜装渐变长袖上衣,2019-08-15,2019-09-17 20:41:57.692564
26269116580,新款显瘦宽松修身立领三件套,http://t00img.yangkeduo.com/openapi/images/2019-07-21/00871200c3b35b28133b7052fba25948.jpg,http://t00img.yangkeduo.com/openapi/images/2019-07-21/00871200c3b35b28133b7052fba25948.jpg,goods.html?goods_id=26269116580&gallery_id=175678319545,29800,10990,9990,11000,已拼1.1万件,新款显瘦宽松修身立领三件套,2019-07-21,2019-09-17 20:41:57.692564
34508892407,加绒加厚连帽卫衣女秋冬2019新款韩版宽松学生初秋上衣外套ins潮,http://t00img.yangkeduo.com/goods/images/2019-08-14/108ceec45074bd5210b5a64bf762eee5.jpeg,https://t00img.yangkeduo.com/goods/images/2019-08-14/8c81d485-66cc-4dfb-9414-fe09ad0bec12.jpg,goods.html?goods_id=34508892407,8800,2990,2390,1028,已拼1028件,加绒加厚连帽卫衣女秋冬2019新款韩版宽松学生初秋上衣外套ins潮,2019-08-14,2019-09-17 20:41:57.692564
8687488878,牛仔外套女韩版宽松短春季2019新款学生韩版工装上衣潮初秋装百搭,http://t00img.yangkeduo.com/goods/images/2019-05-11/311b314feff570c2e0f103caeaa1c78f.jpeg,http://t00img.yangkeduo.com/openapi/images/2019-05-11/6f2038b68074f93f9496f2c0c6d7ae0f.jpg,goods.html?goods_id=8687488878,8800,3480,3380,952,已拼952件,牛仔外套女韩版宽松短春季2019新款学生韩版工装上衣潮初秋装百搭,2019-05-11,2019-09-17 20:41:57.692564
36471279693,超火cec卫衣女2019新款初秋韩版学生ins宽松开学季薄款连帽外套潮,http://t00img.yangkeduo.com/goods/images/2019-08-20/206fe06babd86df3b6203c07c3f638ef.jpeg,https://t00img.yangkeduo.com/goods/images/2019-08-20/e03f1250-6e26-43d1-bd3e-7034ef6ee1f4.jpg,goods.html?goods_id=36471279693,3690,3590,2980,22,已拼22件,超火cec卫衣女2019新款初秋韩版学生ins宽松开学季薄款连帽外套潮,2019-08-20,2019-09-17 20:41:57.692564
15890363208,初秋薄款外套女学生春季2019新款韩版宽松开衫长袖纯色针织上衣潮,http://t00img.yangkeduo.com/goods/images/2019-08-09/dadc1d48b9e4b6bd02e980491d9d1d15.jpeg,https://t00img.yangkeduo.com/goods/images/2019-07-07/453d6dde-cc97-4317-8c91-245b673017c3.jpg,goods.html?goods_id=15890363208,4980,3580,2960,49,已拼49件,初秋薄款外套女学生春季2019新款韩版宽松开衫长袖纯色针织上衣潮,2019-08-09,2019-09-17 20:41:57.692564
39247742893,秋季中长款牛仔外套女宽松韩版bf潮ins学生初秋牛仔衣2019新款,http://t00img.yangkeduo.com/goods/images/2019-08-28/596a78661bdf448058499e02237325e9.jpeg,https://t00img.yangkeduo.com/goods/images/2019-08-28/7cfe53d9-f190-417e-b32b-9bb1579bab62.jpg,goods.html?goods_id=39247742893,18800,5000,4880,7,已拼7件,秋季中长款牛仔外套女宽松韩版bf潮ins学生初秋牛仔衣2019新款,2019-08-28,2019-09-17 20:41:57.692564
29038283079,新款女装宽松纯色绣花卫衣,http://t00img.yangkeduo.com/openapi/images/2019-07-25/1849ffcd408c64c166d458f7c7879d86.jpg,http://t00img.yangkeduo.com/openapi/images/2019-07-25/1849ffcd408c64c166d458f7c7879d86.jpg,goods.html?goods_id=29038283079&gallery_id=180577728579,29800,11000,9990,437,已拼437件,新款女装宽松纯色绣花卫衣,2019-07-25,2019-09-17 20:41:57.693561
44417321904,工装外套女生春秋2019新款潮韩版宽松初秋上衣初中学生百搭棒球服,http://t00img.yangkeduo.com/goods/images/images/2019-09-14/decae783b77a7d4c911d752910c127ef.jpeg,http://t00img.yangkeduo.com/openapi/images/2019-09-14/2804f90a081dfdbff387e5e95d30e0af.jpeg,goods.html?goods_id=44417321904,12800,6800,4673,57,已拼57件,工装外套女生春秋2019新款潮韩版宽松初秋上衣初中学生百搭棒球服,2019-09-14,2019-09-17 20:41:57.693561
37657224,外套女2019新款春秋季韩版宽松工装初秋bf百搭复古港味学生ins潮,http://t00img.yangkeduo.com/goods/images/2019-08-31/330b851c3c167f562eb75d1fa58ac520.jpeg,https://t00img.yangkeduo.com/goods/images/2019-08-31/3db77ebe-c0ed-45fa-876f-b29c52dbdec7.jpg,goods.html?goods_id=37657224,19800,5100,4900,683,已拼683件,外套女2019新款春秋季韩版宽松工装初秋bf百搭复古港味学生ins潮,2019-08-31,2019-09-17 20:41:57.693561
35960064325,2019初秋休闲外套女学生ins潮新款韩版百搭宽松bf棒球服薄款上衣,http://t00img.yangkeduo.com/goods/images/2019-08-18/9b2d03cce9c8bd983eb108468bad68fb.jpeg,https://t00img.yangkeduo.com/goods/images/2019-08-18/03c389d0-f424-446e-b572-be87b284f071.jpeg,goods.html?goods_id=35960064325,12000,5990,4998,6,已拼6件,2019初秋休闲外套女学生ins潮新款韩版百搭宽松bf棒球服薄款上衣,2019-08-18,2019-09-17 20:41:57.693561
39863092384,初秋新款ins连帽卫衣女2019韩版宽松学生薄款假两件cec格子外套潮,http://t00img.yangkeduo.com/goods/images/2019-09-03/da1f87fe2108f0b1a9ca2f7a714a65cc.jpeg,https://t00img.yangkeduo.com/goods/images/2019-08-29/2420907f-3b0f-43c8-9a3b-1b4712915cec.jpg,goods.html?goods_id=39863092384,3590,3490,3180,44,已拼44件,初秋新款ins连帽卫衣女2019韩版宽松学生薄款假两件cec格子外套潮,2019-09-03,2019-09-17 20:41:57.693561
8000590933,春秋季外套女短款上衣2019新款韩版初秋百搭宽松夹克休闲棒球服,http://t00img.yangkeduo.com/goods/images/2019-06-20/49e974f09233308a22dfd327e8a3e662.jpeg,https://t00img.yangkeduo.com/goods/images/2019-06-20/ab74ea3c-e780-477d-8f10-a9740ec0a837.jpg,goods.html?goods_id=8000590933,11900,6990,2980,38000,已拼3.8万件,春秋季外套女短款上衣2019新款韩版初秋百搭宽松夹克休闲棒球服,2019-06-20,2019-09-17 20:41:57.693561
39101825716,新款连帽宽松三件套绣花卫衣,https://t00img.yangkeduo.com/goods/images/2019-08-28/43a578e5-59f6-47f8-8fd9-d42afa300a0d.jpg,https://t00img.yangkeduo.com/goods/images/2019-08-28/43a578e5-59f6-47f8-8fd9-d42afa300a0d.jpg,goods.html?goods_id=39101825716&gallery_id=196725322087,29900,10500,9990,3194,已拼3194件,新款连帽宽松三件套绣花卫衣,2019-08-28,2019-09-17 20:41:57.693561
242018559,2019初秋新款宽松大学生bf开学季棒球服上衣韩版百搭ins外套女潮,http://t00img.yangkeduo.com/goods/images/images/2019-09-15/e8809f6263ce8c52cb2b8436a0341e0f.jpeg,https://t00img.yangkeduo.com/goods/images/2019-09-15/90297371-38ec-478f-b6ea-8bc26bd306d5.jpg,goods.html?goods_id=242018559,24800,8600,8500,259,已拼259件,2019初秋新款宽松大学生bf开学季棒球服上衣韩版百搭ins外套女潮,2019-09-15,2019-09-17 20:41:57.693561
42795463918,流行初秋外套女中长款韩版2019春秋新款宽松休闲学生小个子风衣潮,http://t00img.yangkeduo.com/goods/images/2019-09-08/f57fa16125942447fbfb1e1758c18c57.jpeg,http://t00img.yangkeduo.com/openapi/images/2019-09-08/cb2a05ebfee427fb329231cd373e443e.jpeg,goods.html?goods_id=42795463918,18800,6000,5900,0,6人想买,流行初秋外套女中长款韩版2019春秋新款宽松休闲学生小个子风衣潮,2019-09-08,2019-09-17 20:41:57.693561
44461657554,2019新款初秋女上衣短款学生高领宽松chic卫衣潮ins薄款长袖外套,http://t00img.yangkeduo.com/goods/images/2019-09-15/71134afa5ee98b7a8fd934253afdbd2a.jpeg,https://t00img.yangkeduo.com/goods/images/2019-09-15/0f35a8eae8db31a6227ab1cb71c2b05c_960x960.jpeg,goods.html?goods_id=44461657554,99900,99800,99700,4,已拼4件,2019新款初秋女上衣短款学生高领宽松chic卫衣潮ins薄款长袖外套,2019-09-15,2019-09-17 20:41:57.693561
33173028841,初秋2019新款卫衣女学生春秋季宽松连帽衣服韩版薄ins外套上衣潮,http://t00img.yangkeduo.com/goods/images/2019-08-10/f7187a6103b858d3ac4ad1d624b529f3.jpeg,https://t00img.yangkeduo.com/goods/images/2019-08-10/2d09c002-70ed-46eb-a8cc-ed58949f7517.jpg,goods.html?goods_id=33173028841,3480,3380,2970,350,已拼350件,初秋2019新款卫衣女学生春秋季宽松连帽衣服韩版薄ins外套上衣潮,2019-08-10,2019-09-17 20:41:57.693561
27810473098, 超火cec卫衣女士初秋薄款2019新款韩版宽松学生长袖连帽外套ins潮,http://t00img.yangkeduo.com/goods/images/2019-07-27/de0032ac8a3beadefc07d93a6d5a01c0.jpeg,http://t00img.yangkeduo.com/openapi/images/2019-07-27/f465264893253804775583fd3e1da0d8.jpg,goods.html?goods_id=27810473098,6800,3280,2980,3637,已拼3637件, 超火cec卫衣女士初秋薄款2019新款韩版宽松学生长袖连帽外套ins潮,2019-07-27,2019-09-17 20:41:57.693561
6785239761,新款女装宽松女士印花卫衣,http://t00img.yangkeduo.com/openapi/images/2019-03-21/d71f678967d022dfe3af6b7114c3a292.jpg,http://t00img.yangkeduo.com/openapi/images/2019-03-21/d71f678967d022dfe3af6b7114c3a292.jpg,goods.html?goods_id=6785239761&gallery_id=105760242405,29800,19800,17860,1865,已拼1865件,新款女装宽松女士印花卫衣,2019-03-21,2019-09-17 20:41:57.693561
43885576912,白色宽松卫衣2019新款女初秋连帽韩版学生薄款外套长袖上衣潮ins,http://t00img.yangkeduo.com/goods/images/images/2019-09-12/32d6c47a6e9545a777676ac59d14123e.jpeg,http://t00img.yangkeduo.com/goods/images/2019-08-12/87afe057e3387ff71a07b49d23c773f9.jpeg,goods.html?goods_id=43885576912,17184,4296,4190,1,已拼1件,白色宽松卫衣2019新款女初秋连帽韩版学生薄款外套长袖上衣潮ins,2019-09-12,2019-09-17 20:41:57.693561
41731583140,工装外套女春秋季韩版宽松bf2019初秋新款潮百搭森系风衣学生胖mm,http://t00img.yangkeduo.com/goods/images/2019-09-04/44045f2825446cc2e3d3b78de3e6b266.jpeg,https://t00img.yangkeduo.com/goods/images/2019-09-04/ae9df33d-10f1-4fa5-9270-62b08c67e59f.jpg,goods.html?goods_id=41731583140,12800,6000,5580,1057,已拼1057件,工装外套女春秋季韩版宽松bf2019初秋新款潮百搭森系风衣学生胖mm,2019-09-04,2019-09-17 20:41:57.693561
39092713339,2019新款韩版初秋外套女ins潮防晒衣工装上衣宽松百搭学生夹克女,http://t00img.yangkeduo.com/goods/images/2019-08-27/29106b40108aaa2c49acae9d71168b7e.jpeg,http://t00img.yangkeduo.com/openapi/images/2019-08-27/8a533cb02ad1c2340440d12c2d17efe3.jpeg,goods.html?goods_id=39092713339,4880,2100,2000,9,已拼9件,2019新款韩版初秋外套女ins潮防晒衣工装上衣宽松百搭学生夹克女,2019-08-27,2019-09-17 20:41:57.693561
36844363712,vetiver卫衣女2019新款开学季韩版薄款ins学生初秋宽松连帽外套潮,http://t00img.yangkeduo.com/goods/images/2019-09-07/955c4b9173a5cd19edb891269949f56f.jpeg,https://t00img.yangkeduo.com/goods/images/2019-08-21/fc74c2e9-3360-4501-9064-87772a8dbfd3.jpg,goods.html?goods_id=36844363712,3690,3590,3280,187,已拼187件,vetiver卫衣女2019新款开学季韩版薄款ins学生初秋宽松连帽外套潮,2019-09-07,2019-09-17 20:41:57.693561
39247983573,卫衣女宽松韩版春秋薄款连帽上衣长袖ins潮学生外套2019新款初秋,http://t00img.yangkeduo.com/goods/images/2019-08-28/28c0360e2f153031c48b17ece996342e.jpeg,https://t00img.yangkeduo.com/goods/images/2019-08-28/634cb3e6-97da-40c2-b500-a4a051ae54a0.jpg,goods.html?goods_id=39247983573,10000,2690,2590,143,已拼143件,卫衣女宽松韩版春秋薄款连帽上衣长袖ins潮学生外套2019新款初秋,2019-08-28,2019-09-17 20:41:57.693561
35890330624,【免费试穿包邮退换货不退色不起球】春秋季胖妹妹慕妮登新款显瘦女装,https://t00img.yangkeduo.com/goods/images/2019-09-10/f1c4ac52-d7de-4720-8e38-777782854cc8.jpg,https://t00img.yangkeduo.com/goods/images/2019-09-10/f1c4ac52-d7de-4720-8e38-777782854cc8.jpg,goods.html?goods_id=35890330624&gallery_id=191137378223,39800,10800,8990,1337,已拼1337件,【免费试穿包邮退换货不退色不起球】春秋季胖妹妹慕妮登新款显瘦女装,2019-09-10,2019-09-17 20:41:57.693561
38722000096,初秋2019新款卫衣女韩版宽松学生连帽bf慵懒风超火cec长袖外套潮,http://t00img.yangkeduo.com/goods/images/2019-08-28/83eeb9c125730460595f3adaaa9c48ce.jpeg,https://t00img.yangkeduo.com/goods/images/2019-08-28/85a33aa5-a508-4209-820a-fbce2a69cc82.jpg,goods.html?goods_id=38722000096,8988,3680,2989,915,已拼915件,初秋2019新款卫衣女韩版宽松学生连帽bf慵懒风超火cec长袖外套潮,2019-08-28,2019-09-17 20:41:57.693561
38269247376,初秋外套2019韩版新款超火cec卫衣女春秋薄款bf长袖学生宽松ins潮,http://t00img.yangkeduo.com/goods/images/2019-08-25/186f5d2acf616c8e671e695c722c7c3c.jpeg,http://t00img.yangkeduo.com/openapi/images/2019-08-25/f8bb425a250c076818b31dfb5eda5cd1.jpg,goods.html?goods_id=38269247376,9884,2880,2780,49,已拼49件,初秋外套2019韩版新款超火cec卫衣女春秋薄款bf长袖学生宽松ins潮,2019-08-25,2019-09-17 20:41:57.694557
268469420,初秋开学季短外套女春秋季韩版宽松学生2019新款百搭bf工装风衣潮,http://t00img.yangkeduo.com/goods/images/2019-04-24/2fe7c86a055cf4311a3e9e59824a8de8.jpeg,https://t00img.yangkeduo.com/goods/images/2019-04-24/dfd599dd-faa2-452a-a006-0b4bdacea23c.jpg,goods.html?goods_id=268469420,3900,3290,2290,10000,已拼1万件,初秋开学季短外套女春秋季韩版宽松学生2019新款百搭bf工装风衣潮,2019-04-24,2019-09-17 20:41:57.694557
38633613699,开学季新款ins卫衣女2019韩版学生宽松假两件薄款初秋连帽外套潮,http://t00img.yangkeduo.com/goods/images/2019-08-26/44c0f04f1f1c05617889ffbac9135418.jpeg,https://t00img.yangkeduo.com/goods/images/2019-08-26/5899d5fb-0c11-4dd0-baca-9f2cdf4f8740.jpg,goods.html?goods_id=38633613699,3090,2990,2680,197,已拼197件,开学季新款ins卫衣女2019韩版学生宽松假两件薄款初秋连帽外套潮,2019-08-26,2019-09-17 20:41:57.694557
30307800477,工装外套女初秋2019新款ins 潮学生韩版拼色原宿风宽松休闲棒球服,http://t00img.yangkeduo.com/goods/images/2019-08-24/9ddf74b0359db510800f0bbe7b799595.jpeg,https://t00img.yangkeduo.com/goods/images/2019-08-24/4dab9deb-dc75-47c6-b49c-7c1ba5eefc2d.jpg,goods.html?goods_id=30307800477,15900,6500,4888,147,已拼147件,工装外套女初秋2019新款ins 潮学生韩版拼色原宿风宽松休闲棒球服,2019-08-24,2019-09-17 20:41:57.694557
2670062647,外套女装秋装休闲运动服妈妈装,https://t00img.yangkeduo.com/goods/images/2018-08-21/62abc8472d8ca219cb596c093839e9ea.jpeg,https://t00img.yangkeduo.com/goods/images/2018-08-21/62abc8472d8ca219cb596c093839e9ea.jpeg,goods.html?goods_id=2670062647&gallery_id=35735611703,28850,9900,9500,2003,已拼2003件,外套女装秋装休闲运动服妈妈装,2018-08-21,2019-09-17 20:41:57.694557
43150392003,工装外套女春秋季韩版宽松bf2019初秋新款ins潮拼接上衣学生夹克【预售：9月30日发完】,http://t00img.yangkeduo.com/goods/images/2019-09-09/b24dcaf604129105c0bc22c0f16e8c80.jpeg,https://t00img.yangkeduo.com/goods/images/2019-09-09/ae93d16b-2d2f-4208-af17-bdef9e058386.jpg,goods.html?goods_id=43150392003,13000,12900,6880,17,已拼17件,工装外套女春秋季韩版宽松bf2019初秋新款ins潮拼接上衣学生夹克,2019-09-09,2019-09-17 20:41:57.694557
44587847496,工装外套女春秋季韩版宽松bf2019初秋新款潮百搭森系风衣学生胖mm,http://t00img.yangkeduo.com/goods/images/images/2019-09-15/d255b81d4d86399f35dac28eda74cd45.jpeg,https://t00img.yangkeduo.com/goods/images/2019-09-15/79f76323-e72d-4d90-a0a4-e4c83a236b49.jpg,goods.html?goods_id=44587847496,71580,19800,16890,24,已拼24件,工装外套女春秋季韩版宽松bf2019初秋新款潮百搭森系风衣学生胖mm,2019-09-15,2019-09-17 20:41:57.694557
35305245778,初秋牛仔外套女宽松韩版潮ins2019年新款连帽秋季学生bf短款女装,http://t00img.yangkeduo.com/goods/images/2019-08-16/f0b6416eca0b6d321c8e43b04c948830.jpeg,https://t00img.yangkeduo.com/goods/images/2019-08-16/d73f6054-1385-469f-8144-d6de74802a06.jpg,goods.html?goods_id=35305245778,32500,18800,16800,17,已拼17件,初秋牛仔外套女宽松韩版潮ins2019年新款连帽秋季学生bf短款女装,2019-08-16,2019-09-17 20:41:57.694557
39151085028,cec超火卫衣女初秋2019新款ins韩版薄款学生慵懒风宽松连帽外套潮,http://t00img.yangkeduo.com/goods/images/2019-08-27/6a748029b83afa3edaeb0aaeec843ac5.jpeg,https://t00img.yangkeduo.com/goods/images/2019-08-27/21a37196-f6f4-4232-ac0d-d3d872632fc9.jpg,goods.html?goods_id=39151085028,3690,3590,3380,46,已拼46件,cec超火卫衣女初秋2019新款ins韩版薄款学生慵懒风宽松连帽外套潮,2019-08-27,2019-09-17 20:41:57.694557
38283172951,初秋外套2019韩版新款超火cec卫衣女春秋薄款bf长袖学生宽松ins潮,http://t00img.yangkeduo.com/goods/images/2019-08-25/eb27891d8c0335ae8718c20b47323396.jpeg,http://t00img.yangkeduo.com/openapi/images/2019-08-25/3c8ef025f61a037f9273136920bb9ce5.jpg,goods.html?goods_id=38283172951,6800,3190,2990,26,已拼26件,初秋外套2019韩版新款超火cec卫衣女春秋薄款bf长袖学生宽松ins潮,2019-08-25,2019-09-17 20:41:57.694557
23845171722,新款外套女装2019休闲秋季,https://t00img.yangkeduo.com/goods/images/2019-09-11/a3c09ee9-07c7-47ed-8360-f4539475ce2c.jpg,https://t00img.yangkeduo.com/goods/images/2019-09-11/a3c09ee9-07c7-47ed-8360-f4539475ce2c.jpg,goods.html?goods_id=23845171722&gallery_id=171323214468,39800,17000,16800,1225,已拼1225件,新款外套女装2019休闲秋季,2019-09-11,2019-09-17 20:41:57.694557
35362622452,2019初秋新款ins韩版上衣外套薄款橙色连帽卫衣拉链外套女学生潮,http://t00img.yangkeduo.com/goods/images/2019-08-23/b73f68f37674008816a2291a8cbe1ad1.jpeg,https://t00img.yangkeduo.com/goods/images/2019-08-16/cff305ea-8ec5-456c-9926-a9a60b6164af.jpg,goods.html?goods_id=35362622452,4090,3990,2990,199,已拼199件,2019初秋新款ins韩版上衣外套薄款橙色连帽卫衣拉链外套女学生潮,2019-08-23,2019-09-17 20:41:57.694557
33551799662,ins外套女bf加绒加厚2019新款潮春秋学生宽松初秋开学季棒球服,http://t00img.yangkeduo.com/goods/images/2019-08-11/65fbd83496703c3176542a06a00ea499.jpeg,http://t00img.yangkeduo.com/openapi/images/2019-08-11/d3deda309306e253c26b2e575689e982.jpg,goods.html?goods_id=33551799662,4500,3500,2680,1095,已拼1095件,ins外套女bf加绒加厚2019新款潮春秋学生宽松初秋开学季棒球服,2019-08-11,2019-09-17 20:41:57.694557
37196678517,ins初秋卫衣女2019新款韩版宽松学生薄款秋季抽绳连帽上衣外套潮,http://t00img.yangkeduo.com/goods/images/2019-08-22/88b2147be24da15d517c936693ede7e4.jpeg,https://t00img.yangkeduo.com/goods/images/2019-08-22/c5f8916e-85a4-440b-987a-89a1f0586d11.jpg,goods.html?goods_id=37196678517,3890,3790,2980,12,已拼12件,ins初秋卫衣女2019新款韩版宽松学生薄款秋季抽绳连帽上衣外套潮,2019-08-22,2019-09-17 20:41:57.694557
37531697147,cec初秋恐龙卫衣女2019新款开学季学生宽松韩版薄款连帽外套ins潮,http://t00img.yangkeduo.com/goods/images/2019-08-23/50e71a7011a6cd8536da8b634f523481.jpeg,https://t00img.yangkeduo.com/goods/images/2019-08-23/0cb71e70-0541-4d15-84c6-8a790ea8161b.jpg,goods.html?goods_id=37531697147,3790,3690,2980,51,已拼51件,cec初秋恐龙卫衣女2019新款开学季学生宽松韩版薄款连帽外套ins潮,2019-08-23,2019-09-17 20:41:57.694557
2701496084,连帽卫衣女秋季2019新款长袖秋装加绒ins外套女韩版宽松学生潮,http://t00img.yangkeduo.com/goods/images/2019-07-26/d333c59db7578cdf267d27564bbf6e1f.jpeg,https://t00img.yangkeduo.com/goods/images/2019-07-26/7f1fd2b6-472d-478b-85f5-9e25216c641b.jpg,goods.html?goods_id=2701496084,18600,5200,4860,3335,已拼3335件,连帽卫衣女秋季2019新款长袖秋装加绒ins外套女韩版宽松学生潮,2019-07-26,2019-09-17 20:41:57.694557
44985638758,【武汉】大码秋装外套女2019新款初秋时尚连帽女装上衣洋气风衣潮,http://t00img.yangkeduo.com/openapi/images/2019-09-16/ce43ce3d984f12e05152fc0d45bf13d2.jpeg,http://t00img.yangkeduo.com/openapi/images/2019-09-16/ce43ce3d984f12e05152fc0d45bf13d2.jpeg,goods.html?goods_id=44985638758&gallery_id=206674144377,28800,6500,5880,0,243人想买,【武汉】大码秋装外套女2019新款初秋时尚连帽女装上衣洋气风衣潮,2019-09-16,2019-09-17 20:41:57.694557
42513219592,2019新款初秋季韩版女装宽松bf百搭上衣复古风衣BF学生外套ins潮,http://t00img.yangkeduo.com/goods/images/2019-09-07/86709295b7281e96aae280b32dcb376b.jpeg,http://t00img.yangkeduo.com/openapi/images/2019-09-07/913b7c9da62947558eb859cb317b1d32.jpeg,goods.html?goods_id=42513219592,6990,5990,3990,37,已拼37件,2019新款初秋季韩版女装宽松bf百搭上衣复古风衣BF学生外套ins潮,2019-09-07,2019-09-17 20:41:57.694557
27867062803,秋季新款粉色牛仔外套女装2019韩版学生大码宽松长袖显瘦洋气上衣,http://t00img.yangkeduo.com/goods/images/2019-07-27/75cb167f4b30cd2e186afc3742cc4944.jpeg,https://t00img.yangkeduo.com/goods/images/2019-07-27/498e205a-146c-4826-8cf6-f6955e8d148f.jpg,goods.html?goods_id=27867062803,29800,5990,3522,6019,已拼6019件,秋季新款粉色牛仔外套女装2019韩版学生大码宽松长袖显瘦洋气上衣,2019-07-27,2019-09-17 20:41:57.694557
27403174979,加绒连帽卫衣女韩版潮宽松百搭2019新款秋季长袖ins外套女学生,http://t00img.yangkeduo.com/goods/images/2019-08-18/3558b1fa2b7c676e0411a34593eb6c64.jpeg,https://t00img.yangkeduo.com/goods/images/2019-07-26/cffa0dd1-5a23-41c0-85a6-a2d42ec57ac3.jpg,goods.html?goods_id=27403174979,18500,5900,5300,85,已拼85件,加绒连帽卫衣女韩版潮宽松百搭2019新款秋季长袖ins外套女学生,2019-08-18,2019-09-17 20:41:57.694557
41078129488,卫衣2019新款女潮初秋季韩版学生宽松春秋装薄款外套短款长袖上衣,http://t00img.yangkeduo.com/goods/images/2019-09-02/8fcb08d5752a6b74cfdec0489fc30645.jpeg,http://t00img.yangkeduo.com/openapi/images/2019-09-02/d7c086852e230f1761be2036383a7b0c.jpg,goods.html?goods_id=41078129488,7298,7198,2841,195,已拼195件,卫衣2019新款女潮初秋季韩版学生宽松春秋装薄款外套短款长袖上衣,2019-09-02,2019-09-17 20:41:57.694557
40808625211,2019新款初秋季韩版女宽松bf百搭上衣港味复古风衣学生外套ins潮,http://t00img.yangkeduo.com/goods/images/2019-09-01/a30d5a0970ae1419fa3817e8eba3da3e.jpeg,https://t00img.yangkeduo.com/goods/images/2019-09-01/95c289f0-e2ea-412a-a31a-4cb622adeb70.jpg,goods.html?goods_id=40808625211,8300,5900,5800,65,已拼65件,2019新款初秋季韩版女宽松bf百搭上衣港味复古风衣学生外套ins潮,2019-09-01,2019-09-17 20:41:57.694557
37610119006,新款外套2019显瘦连帽宽松,https://t00img.yangkeduo.com/goods/images/2019-09-08/56957a0a-dd43-4ea2-a7e7-e801ae5ef44a.jpg,https://t00img.yangkeduo.com/goods/images/2019-09-08/56957a0a-dd43-4ea2-a7e7-e801ae5ef44a.jpg,goods.html?goods_id=37610119006&gallery_id=194207834557,35800,10800,9800,936,已拼936件,新款外套2019显瘦连帽宽松,2019-09-08,2019-09-17 20:41:57.694557
39953832568,100纯棉 2019新款宽松长袖上衣ins网红韩版超火cec卫衣女春秋薄款,http://t00img.yangkeduo.com/goods/images/2019-08-29/1e7642bcd6dfce677df9a7a082340f0b.jpeg,https://t00img.yangkeduo.com/goods/images/2019-08-29/e35746a3-cd78-4ec4-81b7-5e7e4b24c321.jpg,goods.html?goods_id=39953832568,7900,3380,2580,13000,已拼1.3万件,100纯棉 2019新款宽松长袖上衣ins网红韩版超火cec卫衣女春秋薄款,2019-08-29,2019-09-17 20:41:57.694557
37552203732,秋装2019新款撞色长袖短款针织卫衣女韩版学生减龄宽松上衣短外套,http://t00img.yangkeduo.com/goods/images/2019-08-23/8489d3f002a5421223ad5cee967ba1b5.jpeg,https://t00img.yangkeduo.com/goods/images/2019-08-23/708538d3-d3f4-46f8-a059-8472caee7c1a.jpg,goods.html?goods_id=37552203732,7900,3990,2990,5428,已拼5428件,秋装2019新款撞色长袖短款针织卫衣女韩版学生减龄宽松上衣短外套,2019-08-23,2019-09-17 20:41:57.694557
36574565953,2019新款春秋装薄款韩版宽松中长款条纹开叉长袖卫衣女套头学生,http://t00img.yangkeduo.com/goods/images/2019-08-20/5ac445672ee2d629391cd0210b06d5ab.jpeg,https://t00img.yangkeduo.com/goods/images/2019-08-20/f3297c8c-b31f-4751-8b7a-e77de37b9673.jpg,goods.html?goods_id=36574565953,2590,2290,1580,10000,已拼1万件,2019新款春秋装薄款韩版宽松中长款条纹开叉长袖卫衣女套头学生,2019-08-20,2019-09-17 20:41:57.694557
38962130832,2019新款女生外套女ins韩版宽松学生春秋季薄款社会潮牌bf风卫衣,http://t00img.yangkeduo.com/goods/images/2019-09-04/cb09153ab426e14db4cdaf4bff2ea36e.jpeg,https://t00img.yangkeduo.com/goods/images/2019-08-27/1481e9e4-ea69-4fb8-b321-a4dbb8e6d315.jpg,goods.html?goods_id=38962130832,9900,4200,3900,628,已拼628件,2019新款女生外套女ins韩版宽松学生春秋季薄款社会潮牌bf风卫衣,2019-09-04,2019-09-17 20:41:57.694557
37493696059,【双层】秋季外套女短款2019新款潮韩版宽松百搭春秋休闲夹克风衣,http://t00img.yangkeduo.com/goods/images/2019-08-23/0d75ab71d5e910208c0fddcd8fa8328d.jpeg,https://t00img.yangkeduo.com/goods/images/2019-08-23/e78b3f1e-d7cc-4f41-b72d-f18119dd233b.jpg,goods.html?goods_id=37493696059,29800,7500,4862,6060,已拼6060件,【双层】秋季外套女短款2019新款潮韩版宽松百搭春秋休闲夹克风衣,2019-08-23,2019-09-17 20:41:57.694557
27331397996,【免费试穿 包邮退换货 不退色 不起球】纯棉运动套装女秋两件套,https://t00img.yangkeduo.com/goods/images/images/2019-09-10/d4a668bf-cc0a-4d90-baaf-7ad658651062.jpg,https://t00img.yangkeduo.com/goods/images/images/2019-09-10/d4a668bf-cc0a-4d90-baaf-7ad658651062.jpg,goods.html?goods_id=27331397996&gallery_id=177574056617,29800,9900,7980,4259,已拼4259件,【免费试穿 包邮退换货 不退色 不起球】纯棉运动套装女秋两件套,2019-09-10,2019-09-17 20:41:57.694557
42752760879,2019新款初秋季情侣装韩版宽松POLO领卫衣外套学生女宽松潮流班服,http://t00img.yangkeduo.com/goods/images/2019-09-08/6965578f9f82d373af4a6a1f96d48ce5.jpeg,https://t00img.yangkeduo.com/goods/images/2019-09-08/074abef1-9e17-4bf4-9efc-884070e4b440.jpg,goods.html?goods_id=42752760879,9900,5990,3380,143,已拼143件,2019新款初秋季情侣装韩版宽松POLO领卫衣外套学生女宽松潮流班服,2019-09-08,2019-09-17 20:41:57.694557
36424788056,早秋韩版2019新款cec薄款印花原宿风POLO领宽松学生长袖卫衣女潮,http://t00img.yangkeduo.com/goods/images/2019-08-20/04d6499c11e283e18f4f6509d55e8862.jpeg,https://t00img.yangkeduo.com/goods/images/2019-08-20/55651a81-f3b6-4d69-a28d-43937c3954a2.jpg,goods.html?goods_id=36424788056,12300,3100,1990,4523,已拼4523件,早秋韩版2019新款cec薄款印花原宿风POLO领宽松学生长袖卫衣女潮,2019-08-20,2019-09-17 20:41:57.694557
37717035558,2019新款卫衣女韩版宽松ins潮bf慵懒假两件拼接春秋薄款连帽上衣,http://t00img.yangkeduo.com/goods/images/2019-08-31/4ad7063c1d0f6275ea76cc44710b4e19.jpeg,https://t00img.yangkeduo.com/goods/images/2019-08-24/f1db5b91-f664-4fd6-8fb4-3418b151ab1c.jpg,goods.html?goods_id=37717035558,10800,2800,2288,8586,已拼8586件,2019新款卫衣女韩版宽松ins潮bf慵懒假两件拼接春秋薄款连帽上衣,2019-08-31,2019-09-17 20:41:57.694557
42590713040,2019年新款森马卫衣女装连帽春秋季宽松韩版学院风潮ins学生外套,http://t00img.yangkeduo.com/goods/images/2019-09-07/d3bfe6306367dc6526185442df52aa1c.jpeg,http://t00img.yangkeduo.com/openapi/images/2019-09-07/2768df024ea2c17ee9d4c8ab0106f185.jpg,goods.html?goods_id=42590713040,9800,8900,7900,7,已拼7件,2019年新款森马卫衣女装连帽春秋季宽松韩版学院风潮ins学生外套,2019-09-07,2019-09-17 20:41:57.694557
35752399596,卫衣女韩版宽松秋季慵懒风学生长袖ins潮上衣bf早秋薄款连帽外套,http://t00img.yangkeduo.com/goods/images/2019-08-18/7c28245a23bb64bb641e3b35bd2d9fc6.jpeg,https://t00img.yangkeduo.com/goods/images/2019-08-18/21d66d16-6223-4d8f-8102-0c9e350f5c20.jpg,goods.html?goods_id=35752399596,3900,2380,1850,25000,已拼2.5万件,卫衣女韩版宽松秋季慵懒风学生长袖ins潮上衣bf早秋薄款连帽外套,2019-08-18,2019-09-17 20:41:57.694557
3548823049,【领卷购买只需98元】优质棉春秋装新款女士大码休闲运动套装女,https://t00img.yangkeduo.com/goods/images/2019-08-05/838aac2e-d8ac-46cb-90e1-f1cdd9e126cc.jpg,https://t00img.yangkeduo.com/goods/images/2019-08-05/838aac2e-d8ac-46cb-90e1-f1cdd9e126cc.jpg,goods.html?goods_id=3548823049&gallery_id=50540404912,29800,17900,16632,18000,已拼1.8万件,【领卷购买只需98元】优质棉春秋装新款女士大码休闲运动套装女,2019-08-05,2019-09-17 20:41:57.694557
42498732971,卫衣2019新款女潮初秋季韩版学生宽松春秋装薄款外套短款长袖上衣,http://t00img.yangkeduo.com/goods/images/2019-09-07/f6c6c517ffe3545dede486ee07302f39.jpeg,https://t00img.yangkeduo.com/goods/images/2019-09-07/a1429580-b072-4f78-9fde-f9404c677aad.jpg,goods.html?goods_id=42498732971,1990,1890,1690,21,已拼21件,卫衣2019新款女潮初秋季韩版学生宽松春秋装薄款外套短款长袖上衣,2019-09-07,2019-09-17 20:41:57.694557
41732276070,春秋季薄款卫衣外套女开衫2019冬新款韩版宽松学生拉链加厚加绒潮,http://t00img.yangkeduo.com/goods/images/2019-09-04/b49b1c415326cc197f9d88fb270c12d4.jpeg,https://t00img.yangkeduo.com/goods/images/2019-09-04/a1031911-d39a-4227-9fa0-ad86b33a25d9.jpg,goods.html?goods_id=41732276070,10450,2090,1990,310,已拼310件,春秋季薄款卫衣外套女开衫2019冬新款韩版宽松学生拉链加厚加绒潮,2019-09-04,2019-09-17 20:41:57.694557
42764266392,短外套女韩版宽松春秋季2019新款潮学生森系慵懒风休闲棒球服夹克,http://t00img.yangkeduo.com/goods/images/2019-09-08/7ed6f1d8b112f15439aefcc9aa9cc684.jpeg,https://t00img.yangkeduo.com/goods/images/2019-09-08/83cb9c5b-7b60-4bc1-9f95-cc07ed97d4e6.png,goods.html?goods_id=42764266392,9900,5900,5500,74,已拼74件,短外套女韩版宽松春秋季2019新款潮学生森系慵懒风休闲棒球服夹克,2019-09-08,2019-09-17 20:41:57.694557
6021179422,双层短外套女秋季2019学生新款百搭短款薄外套开衫上衣韩版潮宽松,http://t00img.yangkeduo.com/goods/images/2019-03-19/08086920012de7f6e7cdf2fa0c760ab4.jpeg,https://t00img.yangkeduo.com/openapi/images/2018-08-09/10d25c51e550c177f272f595b81ef9e3.jpeg,goods.html?goods_id=6021179422,19450,3890,2986,14000,已拼1.4万件,双层短外套女秋季2019学生新款百搭短款薄外套开衫上衣韩版潮宽松,2019-03-19,2019-09-17 20:41:57.694557
43131222989,2019秋季女装新款ins卫衣女韩版学生宽松长袖上衣潮加绒加厚外套,http://t00img.yangkeduo.com/goods/images/2019-09-09/f2889c8c23fa5eba84b557e133b9a15c.jpeg,https://t00img.yangkeduo.com/goods/images/2019-09-09/57687a98-a8b3-4238-9b5b-4d2c412eb5a0.jpg,goods.html?goods_id=43131222989,8800,2790,2680,33,已拼33件,2019秋季女装新款ins卫衣女韩版学生宽松长袖上衣潮加绒加厚外套,2019-09-09,2019-09-17 20:41:57.694557
2646533669,2019春季秋季新款宽松卫衣,https://t00img.yangkeduo.com/goods/images/2019-08-01/ff1ee58c-332c-4cf3-9f8b-3a7a69a14d73.jpg,https://t00img.yangkeduo.com/goods/images/2019-08-01/ff1ee58c-332c-4cf3-9f8b-3a7a69a14d73.jpg,goods.html?goods_id=2646533669&gallery_id=35522969440,19900,8500,7980,100000,已拼10万+件,2019春季秋季新款宽松卫衣,2019-08-01,2019-09-17 20:41:57.695559
36627636070,秋季新款韩版ins薄款宽松假两件长袖卫衣女潮学生冬加绒外套上衣,http://t00img.yangkeduo.com/goods/images/2019-08-20/4ded962ccad7f0e8fbde600fe55b95b1.jpeg,https://t00img.yangkeduo.com/goods/images/2019-08-20/c6c41065-64cc-40bb-b5cc-4f80be0093de.jpg,goods.html?goods_id=36627636070,8450,1510,1410,19000,已拼1.9万件,秋季新款韩版ins薄款宽松假两件长袖卫衣女潮学生冬加绒外套上衣,2019-08-20,2019-09-17 20:41:57.695559
33527100769,2019秋季新款韩版宽松学生荆棘卫衣潮牌BF长袖上衣情侣外套男女装,http://t00img.yangkeduo.com/goods/images/2019-08-11/08d497c386db12d39acdd953970c3327.jpeg,http://t00img.yangkeduo.com/openapi/images/2019-08-11/5c3c920c4bcd70537b50bfee693176c4.jpeg,goods.html?goods_id=33527100769,6090,2400,2290,42000,已拼4.2万件,2019秋季新款韩版宽松学生荆棘卫衣潮牌BF长袖上衣情侣外套男女装,2019-08-11,2019-09-17 20:41:57.695559
29302032815,2019春秋新款原宿风卫衣女连帽拼接开衫学生运动长袖外套灰色上衣,http://t00img.yangkeduo.com/goods/images/2019-08-02/eb83902409ddc4f78772c2c0535fac32.jpeg,http://t00img.yangkeduo.com/openapi/images/2019-08-02/9238d918daa21b9c84ace1f4cdc73178.jpeg,goods.html?goods_id=29302032815,22000,4500,1690,31000,已拼3.1万件,2019春秋新款原宿风卫衣女连帽拼接开衫学生运动长袖外套灰色上衣,2019-08-02,2019-09-17 20:41:57.695559
39411864702,单件/套装 秋季新款两件套装女薄款上衣韩版宽松学生休闲哈伦裤子,http://t00img.yangkeduo.com/goods/images/2019-08-28/eaeff5ff1c5baaa12d24124dcb35ca8a.jpeg,https://t00img.yangkeduo.com/goods/images/2019-08-28/e2cf5eb0-17e5-42ff-ad7a-3e895dd6a9c7.jpg,goods.html?goods_id=39411864702,4800,1600,1380,9553,已拼9553件,单件/套装 秋季新款两件套装女薄款上衣韩版宽松学生休闲哈伦裤子,2019-08-28,2019-09-17 20:41:57.695559
29559834161,ins外套女韩版宽松学生复古港味抽绳百搭防晒卫衣潮2019秋季新款,http://t00img.yangkeduo.com/goods/images/2019-08-02/53d63a430faaaca06cebc30e65981e60.jpeg,https://t00img.yangkeduo.com/goods/images/2019-08-02/dfc3856e-f97c-4e67-af23-93567b76a89f.jpg,goods.html?goods_id=29559834161,19900,6200,5990,8901,已拼8901件,ins外套女韩版宽松学生复古港味抽绳百搭防晒卫衣潮2019秋季新款,2019-08-02,2019-09-17 20:41:57.695559
29020239136,【富贵鸟正品】运动套装女纯棉春秋运动时尚休闲宽松显瘦卫衣套装,https://t00img.yangkeduo.com/goods/images/2019-08-13/ce22c895-e419-41b9-8904-a32880778cbc.jpg,https://t00img.yangkeduo.com/goods/images/2019-08-13/ce22c895-e419-41b9-8904-a32880778cbc.jpg,goods.html?goods_id=29020239136&gallery_id=182729647616,39900,10600,9600,1263,已拼1263件,【富贵鸟正品】运动套装女纯棉春秋运动时尚休闲宽松显瘦卫衣套装,2019-08-13,2019-09-17 20:41:57.695559
41992976800,2019秋季新款复古工装外套女学生韩版宽松拉链拼接假两件上衣bf潮,http://t00img.yangkeduo.com/goods/images/2019-09-13/20b558c4877f46dd1238960baf47be19.jpeg,https://t00img.yangkeduo.com/openapi/images/images/2019-09-05/90269a0240082ffdb9432c1bcf098e56.jpeg,goods.html?goods_id=41992976800,17800,6280,5997,986,已拼986件,2019秋季新款复古工装外套女学生韩版宽松拉链拼接假两件上衣bf潮,2019-09-13,2019-09-17 20:41:57.695559
42000348145,秋季2019新款潮韩版宽松休闲开衫春秋长袖卫衣百搭立领外套女学生,http://t00img.yangkeduo.com/goods/images/2019-09-05/f31e75d64796e20e25f397a5c8534366.jpeg,https://t00img.yangkeduo.com/goods/images/2019-09-05/8fec6a4b-8896-452e-b7e1-2492818143fc.jpg,goods.html?goods_id=42000348145,5800,2880,2380,68,已拼68件,秋季2019新款潮韩版宽松休闲开衫春秋长袖卫衣百搭立领外套女学生,2019-09-05,2019-09-17 20:41:57.695559
38744034195,短款ins薄款长袖卫衣女秋季2019新款BF韩版潮宽松学生百搭上衣服,http://t00img.yangkeduo.com/goods/images/2019-09-01/97b8384867b527e1613ead752688c8ba.jpeg,https://t00img.yangkeduo.com/goods/images/2019-09-01/f0f7a8e6-feab-47f8-93dd-713e86188a52.jpg,goods.html?goods_id=38744034195,8400,1780,1410,6300,已拼6300件,短款ins薄款长袖卫衣女秋季2019新款BF韩版潮宽松学生百搭上衣服,2019-09-01,2019-09-17 20:41:57.695559
42568386339,2019春秋季学生女新款外套韩版休闲运动宽松显瘦嘻哈BF风棒球服潮,http://t00img.yangkeduo.com/goods/images/2019-09-08/3758402f14f2b75823fe0a43ff765a19.jpeg,http://t00img.yangkeduo.com/openapi/images/2019-09-07/bec4c5f812263ee103a2115e4bc607b7.jpeg,goods.html?goods_id=42568386339,7500,3090,2064,51,已拼51件,2019春秋季学生女新款外套韩版休闲运动宽松显瘦嘻哈BF风棒球服潮,2019-09-08,2019-09-17 20:41:57.695559
39227718594,短外套女韩版宽松春秋季2019新款潮学生森系慵懒风休闲棒球服夹克,http://t00img.yangkeduo.com/goods/images/2019-08-30/c65a17f9cb0f9bcd4bbac2e8a99f37c1.jpeg,http://t00img.yangkeduo.com/openapi/images/2019-08-28/13e538bf655b8af518a9dacec5753454.jpeg,goods.html?goods_id=39227718594,15800,5990,5890,5,已拼5件,短外套女韩版宽松春秋季2019新款潮学生森系慵懒风休闲棒球服夹克,2019-08-30,2019-09-17 20:41:57.695559
42756871840,宽松韩版中长款polo领港味外套,https://t00img.yangkeduo.com/goods/images/2019-09-08/7d47a53c-1410-441e-959e-618ca995cff0.jpg,https://t00img.yangkeduo.com/goods/images/2019-09-08/7d47a53c-1410-441e-959e-618ca995cff0.jpg,goods.html?goods_id=42756871840&gallery_id=1922650783,8900,4990,4580,52,已拼52件,宽松韩版中长款polo领港味外套,2019-09-08,2019-09-17 20:41:57.695559
42178953009,秋季2019新款薄款卫衣女韩版宽松学生ins外套头长袖女装上衣服潮,http://t00img.yangkeduo.com/goods/images/2019-09-06/c5ef0b87579d6531fcb14c91229ea464.jpeg,https://t00img.yangkeduo.com/goods/images/2019-09-06/395a320f-39f3-4c5b-b703-5e7ebe43441a.jpg,goods.html?goods_id=42178953009,2680,2580,1980,666,已拼666件,秋季2019新款薄款卫衣女韩版宽松学生ins外套头长袖女装上衣服潮,2019-09-06,2019-09-17 20:41:57.695559
35296109023,外套女秋季2019新款卫衣女韩版潮宽松学生潮流薄款ins长袖上衣服,http://t00img.yangkeduo.com/goods/images/2019-08-16/738ffe2bf8f6a0279a3bf10430aa1ba5.jpeg,https://t00img.yangkeduo.com/goods/images/2019-08-16/45c07dab-a634-41d8-ad88-53869182b26d.jpg,goods.html?goods_id=35296109023,2190,2090,1990,259,已拼259件,外套女秋季2019新款卫衣女韩版潮宽松学生潮流薄款ins长袖上衣服,2019-08-16,2019-09-17 20:41:57.695559
40791603471,卫衣女秋季2019新款学生韩版百搭连帽套头衫宽松休闲薄款外套女潮,http://t00img.yangkeduo.com/goods/images/2019-09-01/5ffcd297d9d44199356086e29b622d62.jpeg,https://t00img.yangkeduo.com/goods/images/2019-09-01/32942420-4263-4ab9-b98c-31a70cb1592a.jpg,goods.html?goods_id=40791603471,6800,3080,2800,723,已拼723件,卫衣女秋季2019新款学生韩版百搭连帽套头衫宽松休闲薄款外套女潮,2019-09-01,2019-09-17 20:41:57.695559
42295640130,韩版初秋季2019新款女装学生迷彩连帽卫衣宽松外套长袖上衣ins潮,http://t00img.yangkeduo.com/goods/images/2019-09-06/c8c68d94185e7c775d3eb2da006ab711.jpeg,https://t00img.yangkeduo.com/goods/images/2019-09-06/b2f1e541-5d94-4bd5-9e80-ef71ac015e2f.jpg,goods.html?goods_id=42295640130,9900,2380,2180,26,已拼26件,韩版初秋季2019新款女装学生迷彩连帽卫衣宽松外套长袖上衣ins潮,2019-09-06,2019-09-17 20:41:57.695559
42465694246,网红复古港味工装外套2019秋季新款宽松bf学生上衣百搭休闲女装潮,http://t00img.yangkeduo.com/goods/images/2019-09-07/511405e7410a3bc345a3cf8a5c262326.jpeg,https://t00img.yangkeduo.com/goods/images/2019-09-07/43c2b36d-653c-4bd4-a5d1-a179f4bb02e1.jpg,goods.html?goods_id=42465694246,9900,6590,5990,542,已拼542件,网红复古港味工装外套2019秋季新款宽松bf学生上衣百搭休闲女装潮,2019-09-07,2019-09-17 20:41:57.695559
23802705987,新款女装2019显瘦宽松卫衣,https://t00img.yangkeduo.com/goods/images/2019-07-24/6b54b695-ce5a-42ce-a2f0-2422d5673b5a.jpg,https://t00img.yangkeduo.com/goods/images/2019-07-24/6b54b695-ce5a-42ce-a2f0-2422d5673b5a.jpg,goods.html?goods_id=23802705987&gallery_id=1432750522,19900,8500,7980,3978,已拼3978件,新款女装2019显瘦宽松卫衣,2019-07-24,2019-09-17 20:41:57.695559
38694160149,棒球服外套女装2019春秋季新款韩版宽松学生bf百搭休闲夹克ins潮,http://t00img.yangkeduo.com/goods/images/2019-08-29/2d9b1be67af18dea3b008ef21073d65d.jpeg,https://t00img.yangkeduo.com/goods/images/2019-08-29/29c678d7-f7f8-4a50-884f-13da1d36155a.jpg,goods.html?goods_id=38694160149,6990,6890,4390,976,已拼976件,棒球服外套女装2019春秋季新款韩版宽松学生bf百搭休闲夹克ins潮,2019-08-29,2019-09-17 20:41:57.695559
39394753860,开学季薄款套头卫衣女春秋2019新款学生韩版宽松潮流短款长袖上衣,http://t00img.yangkeduo.com/goods/images/2019-09-01/9b8c2b52d75d5a1cc005bac8fcf6c4b2.jpeg,https://t00img.yangkeduo.com/goods/images/2019-08-28/d30db5fe-6b82-46b4-bf61-e6942da0aacd.jpg,goods.html?goods_id=39394753860,2900,2100,1990,1932,已拼1932件,开学季薄款套头卫衣女春秋2019新款学生韩版宽松潮流短款长袖上衣,2019-09-01,2019-09-17 20:41:57.696558
32410341624,2019秋季新款韩版半高领薄款卫衣女学生宽松BF百搭短款长袖上衣潮,http://t00img.yangkeduo.com/goods/images/2019-08-08/96e6bd0cfb2632022fa1ca9d55c55eb4.jpeg,https://t00img.yangkeduo.com/goods/images/2019-08-08/e074ef10-ffb1-41fe-8148-ce6cef125ee7.jpg,goods.html?goods_id=32410341624,2990,2090,1660,27000,已拼2.7万件,2019秋季新款韩版半高领薄款卫衣女学生宽松BF百搭短款长袖上衣潮,2019-08-08,2019-09-17 20:41:57.696558
39478585926,春秋季2019新款连帽薄款卫衣女长袖韩版潮宽松学生假两件上衣外套,http://t00img.yangkeduo.com/goods/images/2019-08-28/bf1f1e06b10c20d2f95a974f8e2707b5.jpeg,https://t00img.yangkeduo.com/goods/images/2019-08-28/b0db31f1-4f94-4ba9-97b0-6a2491d9a432.png,goods.html?goods_id=39478585926,9800,2380,1962,143,已拼143件,春秋季2019新款连帽薄款卫衣女长袖韩版潮宽松学生假两件上衣外套,2019-08-28,2019-09-17 20:41:57.696558
36288002678,【优质版】快手网款3D立体大牌印花早秋时尚百搭圆领卫衣上衣女,http://t00img.yangkeduo.com/goods/images/2019-08-19/961d075d25499ad4d2b0b842f87c66b8.jpeg,http://t00img.yangkeduo.com/goods/images/2019-07-29/3b5cd20e-6826-410d-9797-31445f413540.jpg,goods.html?goods_id=36288002678,5900,2590,1880,15000,已拼1.5万件,【优质版】快手网款3D立体大牌印花早秋时尚百搭圆领卫衣上衣女,2019-08-19,2019-09-17 20:41:57.696558
37421791475,大码运动服长袖绣花拼接卫衣,https://t00img.yangkeduo.com/goods/images/2019-09-04/45d59037-ec57-4bdc-af81-5221d71f5301.jpg,https://t00img.yangkeduo.com/goods/images/2019-09-04/45d59037-ec57-4bdc-af81-5221d71f5301.jpg,goods.html?goods_id=37421791475&gallery_id=193867109705,16800,10090,9990,1152,已拼1152件,大码运动服长袖绣花拼接卫衣,2019-09-04,2019-09-17 20:41:57.696558
44365446281,2019春秋季新款韩版宽松连帽卫衣女潮冬季加绒学生长袖外套上衣服,http://t00img.yangkeduo.com/goods/images/2019-09-14/9d1797bee37126302e99f1b8c795cda4.jpeg,https://t00img.yangkeduo.com/goods/images/images/2019-09-14/559c2dc0-84bb-4a08-a667-e97dd88d1510.jpg,goods.html?goods_id=44365446281,6900,2990,2300,108,已拼108件,2019春秋季新款韩版宽松连帽卫衣女潮冬季加绒学生长袖外套上衣服,2019-09-14,2019-09-17 20:41:57.696558
40614044464,2019秋季新款女装韩版学生翻领外套网红长袖上衣宽松卫衣女ins潮,http://t00img.yangkeduo.com/goods/images/2019-08-31/343f085a63e599ddb68165b41caf6371.jpeg,https://t00img.yangkeduo.com/goods/2019-08-31/3a03c862-11b6-43bb-b30e-a3c31d8503d2.jpg,goods.html?goods_id=40614044464,13900,3090,2680,20,已拼20件,2019秋季新款女装韩版学生翻领外套网红长袖上衣宽松卫衣女ins潮,2019-08-31,2019-09-17 20:41:57.696558
39491798583,卫衣女韩版2019新款秋季女装两件套学生薄款宽松外套ins潮上衣,http://t00img.yangkeduo.com/goods/images/2019-09-01/d0d60644d60222efbf900e61c8c8c8dc.jpeg,http://t00img.yangkeduo.com/openapi/images/2019-08-28/c861c375657f1809d5a05e24fdb6318e.jpeg,goods.html?goods_id=39491798583,11800,4990,3980,2102,已拼2102件,卫衣女韩版2019新款秋季女装两件套学生薄款宽松外套ins潮上衣,2019-09-01,2019-09-17 20:41:57.696558
35397438683,2019年春秋季新款抽绳韩版宽松短款风衣复古网红流行学生外套女,http://t00img.yangkeduo.com/goods/images/2019-09-04/d17a6889fdc0d1a95e51950e27b7aaad.jpeg,https://t00img.yangkeduo.com/goods/images/2019-09-01/f11d1982-886b-431f-a89b-8120b171626e.jpg,goods.html?goods_id=35397438683,19800,6500,5499,3840,已拼3840件,2019年春秋季新款抽绳韩版宽松短款风衣复古网红流行学生外套女,2019-09-04,2019-09-17 20:41:57.696558
34387221588,卫衣女薄款连帽2019新款秋季韩版潮学生宽松长袖上衣ins带帽外套,http://t00img.yangkeduo.com/goods/images/2019-08-21/ba4391ea7dbcf514fea2e27f91715dd5.jpeg,https://t00img.yangkeduo.com/goods/images/2019-08-21/98a4d5d3-6ca1-42e5-8ec6-df6b4a5685b2.jpg,goods.html?goods_id=34387221588,3050,2950,2480,219,已拼219件,卫衣女薄款连帽2019新款秋季韩版潮学生宽松长袖上衣ins带帽外套,2019-08-21,2019-09-17 20:41:57.696558
7688839517,【优质100%棉】2019新款时尚大码卫衣连帽卫衣,https://t00img.yangkeduo.com/goods/images/2019-06-21/b7a65120-c3d8-4bed-920c-c737ba933f51.jpg,https://t00img.yangkeduo.com/goods/images/2019-06-21/b7a65120-c3d8-4bed-920c-c737ba933f51.jpg,goods.html?goods_id=7688839517&gallery_id=120522059057,16900,16800,9880,22000,已拼2.2万件,【优质100%棉】2019新款时尚大码卫衣连帽卫衣,2019-06-21,2019-09-17 20:41:57.696558
39801669750,秋季新款长袖卫衣女学生韩版宽松下摆系带开叉薄款外套ins上衣潮,http://t00img.yangkeduo.com/goods/images/2019-08-30/fa63ec225692b8f9cda11d289ebd4b4f.jpeg,https://t00img.yangkeduo.com/goods/images/2019-08-29/69f281ab-402f-4d39-a1b3-eadb1033744a.jpg,goods.html?goods_id=39801669750,3000,2500,1880,3973,已拼3973件,秋季新款长袖卫衣女学生韩版宽松下摆系带开叉薄款外套ins上衣潮,2019-08-30,2019-09-17 20:41:57.696558
38680755737,2019秋季新款风衣女中长款薄外套韩版宽松学生大码女装秋装潮ins,http://t00img.yangkeduo.com/goods/images/2019-08-26/7646fb421c48c98d9a70c312207c6f3f.jpeg,https://t00img.yangkeduo.com/goods/images/2019-08-26/60289430-d156-447f-ae06-009af8dfdadf.jpeg,goods.html?goods_id=38680755737,19800,5500,4780,182,已拼182件,2019秋季新款风衣女中长款薄外套韩版宽松学生大码女装秋装潮ins,2019-08-26,2019-09-17 20:41:57.696558
35346324787,港风短款薄外套女2019秋季新款潮百搭宽松亮片bf学生夹克休闲上衣,http://t00img.yangkeduo.com/goods/images/2019-08-18/064ddd3d2e972b46fda3690b3333674d.jpeg,https://t00img.yangkeduo.com/goods/images/2019-08-16/fd24c024-0eba-44f2-88ba-c16067223daa.jpg,goods.html?goods_id=35346324787,7900,4268,4168,73,已拼73件,港风短款薄外套女2019秋季新款潮百搭宽松亮片bf学生夹克休闲上衣,2019-08-18,2019-09-17 20:41:57.696558
40376262844,大码开衫ins外套女春秋季韩版潮宽松学生2019新款女装200斤卫衣,http://t00img.yangkeduo.com/goods/images/2019-08-31/2e66575c7e250010725a6555244eeb5e.jpeg,https://t00img.yangkeduo.com/goods/images/2019-08-31/6b02dd79-a7d1-4e47-add8-5060d4fd2858.jpg,goods.html?goods_id=40376262844,4580,3880,3780,56,已拼56件,大码开衫ins外套女春秋季韩版潮宽松学生2019新款女装200斤卫衣,2019-08-31,2019-09-17 20:41:57.696558
40704476068,2019新款套头连帽宽松卫衣女学生韩版个性薄外套春秋季长袖上衣潮,http://t00img.yangkeduo.com/goods/images/2019-09-01/5bbb178be96c0054d4a85e936cfe7615.jpeg,https://t00img.yangkeduo.com/goods/images/2019-09-01/f78d72fa-a9d8-4134-835f-4493f90200eb.jpg,goods.html?goods_id=40704476068,4090,3990,3490,28,已拼28件,2019新款套头连帽宽松卫衣女学生韩版个性薄外套春秋季长袖上衣潮,2019-09-01,2019-09-17 20:41:57.696558
37716324207,【有内衬】新款宽松韩版长袖高领外套,https://t00img.yangkeduo.com/goods/images/2019-08-24/ee28f30b-996c-4205-b8ea-fb431c5993af.jpg,https://t00img.yangkeduo.com/goods/images/2019-08-24/ee28f30b-996c-4205-b8ea-fb431c5993af.jpg,goods.html?goods_id=37716324207&gallery_id=1745287379,8900,4800,3590,467,已拼467件,【有内衬】新款宽松韩版长袖高领外套,2019-08-24,2019-09-17 20:41:57.696558
36300272036,ins卫衣女2019新款秋季薄款宽松cec慵懒风学生韩版上衣连帽外套潮,http://t00img.yangkeduo.com/goods/images/2019-08-19/409fad3437adbee3f29b78fda162241c.jpeg,https://t00img.yangkeduo.com/goods/images/2019-08-19/c441f4c8-d52a-475e-bde9-c9d8889d7f7a.jpg,goods.html?goods_id=36300272036,3190,3090,2780,85,已拼85件,ins卫衣女2019新款秋季薄款宽松cec慵懒风学生韩版上衣连帽外套潮,2019-08-19,2019-09-17 20:41:57.696558
43793504772,秋季2019新款韩版宽松拼色polo领针织学生拼接原宿风卫衣外套女潮【预售：9月24日发完】,http://t00img.yangkeduo.com/goods/images/2019-09-12/1dc7b0ffb709fa1b5a1df1197d9255d8.jpeg,http://t00img.yangkeduo.com/openapi/images/images/2019-09-12/6ad5e89a1e42f829669ba62d1d75bc04.jpg,goods.html?goods_id=43793504772,5685,2990,2390,24,已拼24件,秋季2019新款韩版宽松拼色polo领针织学生拼接原宿风卫衣外套女潮,2019-09-12,2019-09-17 20:41:57.696558
36167209469,2019新款ins外套女韩版宽松学生上衣bf开学季外套棒球服女秋季潮,http://t00img.yangkeduo.com/goods/images/2019-08-19/dfc0a734a8f944ef4cd13c8669f4a5e5.jpeg,http://t00img.yangkeduo.com/openapi/images/2019-08-19/b1f39bd307f531450e150e0801ea39ea.jpeg,goods.html?goods_id=36167209469,15900,5500,3998,4986,已拼4986件,2019新款ins外套女韩版宽松学生上衣bf开学季外套棒球服女秋季潮,2019-08-19,2019-09-17 20:41:57.696558
